{"initial_reset_timestamp": 1548434046.1152105, "timestamps": [1548434053.2998252, 1548434059.4040015, 1548434064.0084674, 1548434070.1671214, 1548434076.1087012, 1548434081.2630777, 1548434085.7031565, 1548434090.9968848, 1548434097.1691191], "episode_lengths": [838, 864, 835, 1007, 973, 862, 761, 898, 993], "episode_rewards": [-21.0, -20.0, -20.0, -20.0, -19.0, -20.0, -21.0, -20.0, -20.0], "episode_types": ["t", "t", "t", "t", "t", "t", "t", "t", "t", "t"]}